pop,temp,Individu,ENPB1,MTIC59L,MTIC37C,MTIC126,FMTBN,MTIC243,MTIC40,MTIC86,MTIC252,TPG85C,TP36B,319,B12F1,TPC56E,TPC95G,TPC63A,Dmi1-6,538,TA34,456
F20089,2009,F20089-2009-001,278278,110110,086086,099099,198198,118118,128128,157157,142142,133133,196196,000000,098098,172172,088088,190190,000000,234234,165165,096096
F20089,2009,F20089-2009-002,280280,097097,095095,099099,166166,118118,134134,155155,145145,131131,196196,000000,086086,182182,136136,192192,000000,218218,154154,096096
F20089,2009,F20089-2009-003,000000,097097,095095,099099,166166,118118,128128,157157,142142,141141,188188,000000,086086,166166,136136,174174,000000,207207,158158,096096
F20089,2009,F20089-2009-004,278278,110110,086086,099099,000000,118118,128128,157157,142142,133133,196196,000000,098098,172172,088088,190190,000000,234234,165165,096096
F20089,2009,F20089-2009-005,278278,097097,095095,099099,166166,118118,128128,155155,142142,141141,196196,000000,086086,168168,136136,174174,000000,207207,158158,096096
F20089,2009,F20089-2009-006,274280,097110,086086,099099,166166,118118,134134,126126,145145,131131,188188,000000,083083,182182,136136,192192,000000,207207,154154,105105
F20089,2009,F20089-2009-007,278278,110110,086086,099099,198198,118118,128128,149149,142142,133133,198198,000000,098098,172172,088088,190190,000000,234234,165165,096096
F20089,2009,F20089-2009-008,274280,097097,095095,099099,188188,118118,128128,155155,145145,141141,188188,000000,086086,166166,086086,192192,000000,218218,158158,096096
F20089,2009,F20089-2009-009,278278,110110,086086,099099,200200,118118,128128,157157,142142,133133,196196,000000,098098,172172,088088,190190,000000,234234,165165,096096
F20089,2009,F20089-2009-010,280280,097097,092092,099099,166166,118118,128128,155155,142142,141141,196196,000000,083083,166166,136136,174174,000000,218218,154154,099099
F20089,2009,F20089-2009-011,278278,110110,095095,099099,188188,118118,128128,000000,142142,141141,196196,000000,086098,168168,136136,174174,000000,218218,158158,096096
F20089,2009,F20089-2009-012,278278,110110,086086,099099,198198,118118,128128,149149,142142,133133,198198,000000,098098,172172,088088,190190,000000,234234,165165,096096
F20089,2009,F20089-2009-013,278278,110110,086086,099099,198198,118118,128128,157157,142142,133133,196196,000000,098098,172172,088088,190190,000000,234234,165165,096096
F20089,1987,F20089-1987-001,278278,110110,086086,099099,198198,118118,128128,157157,142142,133133,196196,000000,098098,172172,088088,190190,000000,234234,165165,096096
F20089,1987,F20089-1987-002,278278,110110,086086,099099,198198,118118,128128,157157,000000,133133,196196,000000,098098,172172,088088,190190,000000,234234,165165,096096
F20089,1987,F20089-1987-003,278278,110110,086086,099099,198198,118118,128128,157157,142142,133133,196196,000000,098098,172172,088088,190190,000000,234234,165165,096096
F20089,1987,F20089-1987-004,278278,110110,086086,099099,198198,118118,128128,149149,142142,133133,198198,000000,098098,172172,088088,190190,000000,234234,165165,096096
F20089,1987,F20089-1987-005,278278,110110,086086,099099,198198,118118,128128,157157,142142,133133,196196,176176,098098,172172,088088,190190,276276,234234,165165,096096
F20089,1987,F20089-1987-006,278278,110110,086086,099099,198198,118118,128128,151151,142142,133133,198198,000000,098098,172172,088088,190190,000000,234234,165165,096096
F20089,1987,F20089-1987-007,278278,110110,092092,099099,166166,118118,128134,126126,142145,131133,196196,000000,098098,172182,088088,190190,000000,218234,154165,096099
F20089,1987,F20089-1987-008,278278,110110,086086,099099,198198,118118,128128,157157,142142,133133,196196,000000,098098,172172,088088,190190,000000,234234,165165,096096
F20089,1987,F20089-1987-009,278278,110110,086086,099099,198198,118118,128128,157157,142142,133133,196196,000000,098098,172172,088088,190190,000000,234234,165165,096096
F20089,1987,F20089-1987-010,278278,110110,086086,099099,000000,118118,128128,157157,142142,133133,196196,000000,098098,172172,088088,190190,000000,234234,165165,096096
F20089,1987,F20089-1987-011,278278,110110,086086,099099,198198,118118,128128,157157,142142,133133,196196,000000,098098,172172,088088,190190,000000,234234,165165,096096